Protocollo;Gruppo;DataOraIncidente;Localizzazione1;STRADA1;Localizzazione2;STRADA2;Strada02;Chilometrica;DaSpecificare;NaturaIncidente;particolaritastrade;TipoStrada;FondoStradale;Pavimentazione;Segnaletica;CondizioneAtmosferica;Traffico;Visibilita;Illuminazione;NUM_FERITI;NUM_RISERVATA;NUM_MORTI;NUM_ILLESI;Longitudine;Latitudine;Confermato;Progressivo;TipoVeicolo;StatoVeicolo;TipoPersona;Sesso;Tipolesione;Deceduto;DecedutoDopo;CinturaCascoUtilizzato;Airbag
1748921;17;29/11/2007 13:15;Strada Urbana;VIA LUIGI RIZZO;in prossimità;;del civico n. ;32;;Veicolo in marcia contro veicoli fermi;Rettilineo;Una carreggiata a senso unico di marcia;Bagnato (pioggia);Asfaltata;Verticale ed orizzontale;Pioggia in atto;Normale;Sufficiente;Ore Diurne;0;0;0;2;;;-1;1;Autovettura privata;In marcia / fermata / arresto;Conducente;M;Illeso;0;;Non accertato;Inesistente
1748921;17;29/11/2007 13:15;Strada Urbana;VIA LUIGI RIZZO;in prossimità;;del civico n. ;32;;Veicolo in marcia contro veicoli fermi;Rettilineo;Una carreggiata a senso unico di marcia;Bagnato (pioggia);Asfaltata;Verticale ed orizzontale;Pioggia in atto;Normale;Sufficiente;Ore Diurne;0;0;0;2;;;-1;2;Autovettura privata;In marcia / fermata / arresto;Conducente;F;Illeso;0;;Non accertato;Inesistente
1748922;17;29/11/2007 15:15;Strada Urbana;VIA VIRGILIO;all'intersezione con;VIA PLINIO;VIA PLINIO;;;Scontro frontale/laterale SX fra veicoli in marcia;Incrocio;Una carreggiata a doppio senso;Bagnato (pioggia);Asfaltata;Verticale ed orizzontale;Pioggia in atto;Normale;Buona;Ore Diurne;0;0;0;2;;;-1;1;Autovettura privata;In marcia / fermata / arresto;Conducente;F;Illeso;0;;Non accertato;Inesistente
1748922;17;29/11/2007 15:15;Strada Urbana;VIA VIRGILIO;all'intersezione con;VIA PLINIO;VIA PLINIO;;;Scontro frontale/laterale SX fra veicoli in marcia;Incrocio;Una carreggiata a doppio senso;Bagnato (pioggia);Asfaltata;Verticale ed orizzontale;Pioggia in atto;Normale;Buona;Ore Diurne;0;0;0;2;;;-1;2;Autovettura privata;In marcia / fermata / arresto;Conducente;M;Illeso;0;;Non accertato;Inesistente
1748959;5;26/11/2007 17:50;Statale entro l'abitato;VIA TIBURTINA;in prossimità;;del civico n. ;1091;;Scontro frontale fra veicoli in marcia;Rettilineo;Una carreggiata a doppio senso;Asciutto;Asfaltata;Assente;Sereno;Intenso;Sufficiente;Sufficiente;2;0;0;4;;;-1;1;Autovettura privata;In marcia / fermata / arresto;Conducente;M;Illeso;0;;Non accertato;Inesistente
1748959;5;26/11/2007 17:50;Statale entro l'abitato;VIA TIBURTINA;in prossimità;;del civico n. ;1091;;Scontro frontale fra veicoli in marcia;Rettilineo;Una carreggiata a doppio senso;Asciutto;Asfaltata;Assente;Sereno;Intenso;Sufficiente;Sufficiente;2;0;0;4;;;-1;1;Autovettura privata;In marcia / fermata / arresto;Passeggero;F;Illeso;0;;Non accertato;Inesistente
1748959;5;26/11/2007 17:50;Statale entro l'abitato;VIA TIBURTINA;in prossimità;;del civico n. ;1091;;Scontro frontale fra veicoli in marcia;Rettilineo;Una carreggiata a doppio senso;Asciutto;Asfaltata;Assente;Sereno;Intenso;Sufficiente;Sufficiente;2;0;0;4;;;-1;1;Autovettura privata;In marcia / fermata / arresto;Passeggero;M;Illeso;0;;Non accertato;Inesistente
1748959;5;26/11/2007 17:50;Statale entro l'abitato;VIA TIBURTINA;in prossimità;;del civico n. ;1091;;Scontro frontale fra veicoli in marcia;Rettilineo;Una carreggiata a doppio senso;Asciutto;Asfaltata;Assente;Sereno;Intenso;Sufficiente;Sufficiente;2;0;0;4;;;-1;2;Motociclo a solo;In marcia / fermata / arresto;Conducente;M;Rimandato;0;NON DECEDUTO;Non accertato;Inesistente
1748959;5;26/11/2007 17:50;Statale entro l'abitato;VIA TIBURTINA;in prossimità;;del civico n. ;1091;;Scontro frontale fra veicoli in marcia;Rettilineo;Una carreggiata a doppio senso;Asciutto;Asfaltata;Assente;Sereno;Intenso;Sufficiente;Sufficiente;2;0;0;4;;;-1;2;Motociclo a solo;In marcia / fermata / arresto;Passeggero;F;Rimandato;0;NON DECEDUTO;Non accertato;Inesistente
1749004;12;30/11/2007 23:20;Strada Urbana;PIAZZA MONTE DI TAI;da specificare;;;;INCIDENTE SU DICHIARAZIONE;Veicolo in marcia contro ostacolo accidentale;Curva a visuale libera;Una carreggiata a senso unico di marcia;Asciutto;Asfaltata;Verticale ed orizzontale;Sereno;Normale;Sufficiente;Sufficiente;0;0;0;1;;;-1;1;Autovettura privata;In marcia / fermata / arresto;Conducente;M;Illeso;0;;Utilizzato;Inesistente
1749138;17;23/11/2007 20:00;Strada Urbana;CIRCONVALLAZIONE TRIONFALE;da specificare;;;;altezza via passaglia;Scontro frontale/laterale SX fra veicoli in marcia;Rettilineo;Due carreggiate;Asciutto;Asfaltata;Verticale ed orizzontale;Sereno;Normale;Sufficiente;Sufficiente;1;0;0;0;;;-1;1;Motociclo a solo;In marcia / fermata / arresto;Conducente;M;Rimandato;0;NON DECEDUTO;Utilizzato;Inesistente
1749179;5;19/11/2007 22:50;Strada Urbana;VIA DI CASAL BERTONE;da specificare;;;;alt. ufficio postale f.c. 96;Investimento di pedone;Rettilineo;Una carreggiata a doppio senso;Asciutto;Asfaltata;Verticale ed orizzontale;Sereno;Scarso;Sufficiente;Sufficiente;1;0;0;1;;;-1;;;;Pedone;M;Rimandato;0;NON DECEDUTO;;
1749179;5;19/11/2007 22:50;Strada Urbana;VIA DI CASAL BERTONE;da specificare;;;;alt. ufficio postale f.c. 96;Investimento di pedone;Rettilineo;Una carreggiata a doppio senso;Asciutto;Asfaltata;Verticale ed orizzontale;Sereno;Scarso;Sufficiente;Sufficiente;1;0;0;1;;;-1;1;Autovettura privata;In marcia / fermata / arresto;Conducente;M;Illeso;0;;Non accertato;Inesistente
1749335;17;23/11/2007 14:45;Strada Urbana;PIAZZA PIA;in prossimità;;del civico n. ;2;;Scontro laterale fra veicoli in marcia;Rettilineo;Una carreggiata a senso unico di marcia;Asciutto;Asfaltata;Verticale ed orizzontale;Sereno;Normale;Buona;Ore Diurne;0;0;0;2;;;-1;1;Autobus in extraurbana;In marcia / fermata / arresto;Conducente;M;Illeso;0;;Non accertato;Inesistente
1749335;17;23/11/2007 14:45;Strada Urbana;PIAZZA PIA;in prossimità;;del civico n. ;2;;Scontro laterale fra veicoli in marcia;Rettilineo;Una carreggiata a senso unico di marcia;Asciutto;Asfaltata;Verticale ed orizzontale;Sereno;Normale;Buona;Ore Diurne;0;0;0;2;;;-1;2;Autovettura privata;In marcia / fermata / arresto;Conducente;F;Illeso;0;;Non accertato;Inesistente
1749336;17;28/11/2007 15:00;Strada Urbana;VIA MONTE ZEBIO;all'intersezione con;VIA MARCELLO PRESTINARI;VIA MARCELLO PRESTINARI;;;Scontro laterale fra veicoli in marcia;Incrocio;Due carreggiate;Asciutto;Asfaltata;Verticale ed orizzontale;Sereno;Normale;Buona;Ore Diurne;0;0;0;2;;;-1;1;Motociclo a solo;In marcia / fermata / arresto;Conducente;M;Illeso;0;;Non accertato;Inesistente
1749336;17;28/11/2007 15:00;Strada Urbana;VIA MONTE ZEBIO;all'intersezione con;VIA MARCELLO PRESTINARI;VIA MARCELLO PRESTINARI;;;Scontro laterale fra veicoli in marcia;Incrocio;Due carreggiate;Asciutto;Asfaltata;Verticale ed orizzontale;Sereno;Normale;Buona;Ore Diurne;0;0;0;2;;;-1;2;Autobus urbano;In marcia / fermata / arresto;Conducente;M;Illeso;0;;Non accertato;Inesistente
1749811;5;04/11/2007 16:30;Strada Urbana;VIA DI CASAL DEI PAZZI;all'intersezione con;VIA CELSO ULPIANI;VIA CELSO ULPIANI;;;Investimento di pedone;Incrocio;Una carreggiata a doppio senso;Asciutto;Asfaltata;Verticale ed orizzontale;Sereno;Normale;Buona;Ore Diurne;1;0;0;2;;;-1;;;;Pedone;F;Rimandato;0;NON DECEDUTO;;
1749811;5;04/11/2007 16:30;Strada Urbana;VIA DI CASAL DEI PAZZI;all'intersezione con;VIA CELSO ULPIANI;VIA CELSO ULPIANI;;;Investimento di pedone;Incrocio;Una carreggiata a doppio senso;Asciutto;Asfaltata;Verticale ed orizzontale;Sereno;Normale;Buona;Ore Diurne;1;0;0;2;;;-1;1;Ciclomotore;In marcia / fermata / arresto;Conducente;M;Illeso;0;;Non accertato;Inesistente
1749811;5;04/11/2007 16:30;Strada Urbana;VIA DI CASAL DEI PAZZI;all'intersezione con;VIA CELSO ULPIANI;VIA CELSO ULPIANI;;;Investimento di pedone;Incrocio;Una carreggiata a doppio senso;Asciutto;Asfaltata;Verticale ed orizzontale;Sereno;Normale;Buona;Ore Diurne;1;0;0;2;;;-1;1;Ciclomotore;In marcia / fermata / arresto;Passeggero;M;Illeso;0;;Non accertato;Inesistente
1749812;5;19/11/2007 07:00;Strada Urbana;VIA TIBURTINA;in prossimità;;del civico n. ;551;;Investimento di pedone;Rettilineo;Più di due carreggiate;Asciutto;Asfaltata;Verticale ed orizzontale;Sereno;Intenso;Buona;Ore Diurne;1;0;0;1;;;-1;;;;Pedone;F;Rimandato;0;NON DECEDUTO;;
1749812;5;19/11/2007 07:00;Strada Urbana;VIA TIBURTINA;in prossimità;;del civico n. ;551;;Investimento di pedone;Rettilineo;Più di due carreggiate;Asciutto;Asfaltata;Verticale ed orizzontale;Sereno;Intenso;Buona;Ore Diurne;1;0;0;1;;;-1;1;Ciclomotore;In marcia / fermata / arresto;Conducente;M;Illeso;0;;Utilizzato;Inesistente
1749813;5;19/11/2007 11:30;Strada Urbana;VIALE KANT;da specificare;;;;possimità Via Zanardini (fronte civico 312);Infortunio per caduta del veicolo;Rettilineo;Due carreggiate;Asciutto;Asfaltata;Verticale ed orizzontale;Sereno;Normale;Buona;Ore Diurne;1;0;0;0;;;-1;1;Motociclo a solo;In marcia / fermata / arresto;Conducente;M;Rimandato;0;NON DECEDUTO;Utilizzato;Inesistente
1750611;17;17/11/2007 10:00;Strada Urbana;PIAZZA ADRIANA;all'intersezione con;VIA TRIBONIANO;VIA TRIBONIANO;;;Scontro laterale fra veicoli in marcia;Incrocio;Una carreggiata a senso unico di marcia;Asciutto;Asfaltata;Verticale ed orizzontale;Sereno;Normale;Buona;Ore Diurne;0;0;0;1;;;-1;1;Autovettura privata;In marcia / fermata / arresto;Conducente;M;Illeso;0;;Non accertato;Inesploso
1750654;17;01/11/2007 03:15;Strada Urbana;LUNGOTEVERE ARNALDO DA BRESCIA;da specificare;;;;sottopasso;Veicolo in marcia contro ostacolo fisso;Sottopasso illuminato;Una carreggiata a senso unico di marcia;Bagnato (pioggia);Asfaltata;Orizzontale;Pioggia in atto;Scarso;Buona;Sufficiente;2;0;0;1;;;-1;1;Autovettura privata;In marcia / fermata / arresto;Conducente;M;Rimandato;0;NON DECEDUTO;Non accertato;Esploso
1750654;17;01/11/2007 03:15;Strada Urbana;LUNGOTEVERE ARNALDO DA BRESCIA;da specificare;;;;sottopasso;Veicolo in marcia contro ostacolo fisso;Sottopasso illuminato;Una carreggiata a senso unico di marcia;Bagnato (pioggia);Asfaltata;Orizzontale;Pioggia in atto;Scarso;Buona;Sufficiente;2;0;0;1;;;-1;1;Autovettura privata;In marcia / fermata / arresto;Passeggero;M;Illeso;0;;Non accertato;Inesistente
1750654;17;01/11/2007 03:15;Strada Urbana;LUNGOTEVERE ARNALDO DA BRESCIA;da specificare;;;;sottopasso;Veicolo in marcia contro ostacolo fisso;Sottopasso illuminato;Una carreggiata a senso unico di marcia;Bagnato (pioggia);Asfaltata;Orizzontale;Pioggia in atto;Scarso;Buona;Sufficiente;2;0;0;1;;;-1;1;Autovettura privata;In marcia / fermata / arresto;Passeggero;M;Rimandato;0;NON DECEDUTO;Non accertato;Inesistente
1750655;17;01/11/2007 13:45;Strada Urbana;PIAZZALE MARESCIALLO GIARDINO;da specificare;;;;in prossimità di via Bucchi;Veicolo in marcia contro ostacolo fisso;Curva senza visuale libera;Due carreggiate;Bagnato (pioggia);Asfaltata;Orizzontale;Pioggia in atto;Normale;Buona;Ore Diurne;1;0;0;0;;;-1;1;Autovettura privata;In marcia / fermata / arresto;Conducente;M;Rimandato;0;NON DECEDUTO;Non accertato;Inesistente
1751168;5;09/11/2007 15:30;Strada Urbana;VIA CORINALDO;all'intersezione con;VIA TREIA;VIA TREIA;;;Scontro frontale/laterale DX fra veicoli in marcia;Incrocio;Una carreggiata a senso unico di marcia;Asciutto;Asfaltata;Verticale ed orizzontale;Sereno;Normale;Buona;Ore Diurne;1;0;0;2;;;-1;1;Autovettura privata;In marcia / fermata / arresto;Conducente;F;Illeso;0;;Non accertato;Inesistente
1751168;5;09/11/2007 15:30;Strada Urbana;VIA CORINALDO;all'intersezione con;VIA TREIA;VIA TREIA;;;Scontro frontale/laterale DX fra veicoli in marcia;Incrocio;Una carreggiata a senso unico di marcia;Asciutto;Asfaltata;Verticale ed orizzontale;Sereno;Normale;Buona;Ore Diurne;1;0;0;2;;;-1;1;Autovettura privata;In marcia / fermata / arresto;Passeggero;F;Rimandato;0;NON DECEDUTO;Non accertato;Inesistente
1751168;5;09/11/2007 15:30;Strada Urbana;VIA CORINALDO;all'intersezione con;VIA TREIA;VIA TREIA;;;Scontro frontale/laterale DX fra veicoli in marcia;Incrocio;Una carreggiata a senso unico di marcia;Asciutto;Asfaltata;Verticale ed orizzontale;Sereno;Normale;Buona;Ore Diurne;1;0;0;2;;;-1;2;Autovettura privata;In marcia / fermata / arresto;Conducente;M;Illeso;0;;Non accertato;Inesistente
1751207;5;29/11/2007 04:00;Strada Urbana;VIA DEI MONTI TIBURTINI;da specificare;;;;INIZIO CAVALCAVIA TIBURTINA DIREZIONE A/24;Ribaltamento senza urto contro ostacolo fisso;Cavalcavia;Due carreggiate;Asciutto;Asfaltata;Verticale ed orizzontale;Nebbia;Scarso;Buona;Sufficiente;1;0;0;0;;;-1;1;Autovettura privata;In marcia / fermata / arresto;Conducente;M;Rimandato;0;NON DECEDUTO;Non accertato;Inesistente
1751228;5;03/11/2007 18:40;Strada Urbana;VIA DI CASAL BIANCO;in prossimità;;del civico n. ;128;;Investimento di pedone;Rettilineo;Una carreggiata a senso unico di marcia;Asciutto;Asfaltata;Orizzontale;Sereno;Normale;Buona;Sufficiente;1;0;0;2;;;-1;;;;Pedone;M;Rimandato;0;NON DECEDUTO;;
1751228;5;03/11/2007 18:40;Strada Urbana;VIA DI CASAL BIANCO;in prossimità;;del civico n. ;128;;Investimento di pedone;Rettilineo;Una carreggiata a senso unico di marcia;Asciutto;Asfaltata;Orizzontale;Sereno;Normale;Buona;Sufficiente;1;0;0;2;;;-1;1;Autovettura privata;In marcia / fermata / arresto;Conducente;M;Illeso;0;;Non accertato;Inesistente
1751228;5;03/11/2007 18:40;Strada Urbana;VIA DI CASAL BIANCO;in prossimità;;del civico n. ;128;;Investimento di pedone;Rettilineo;Una carreggiata a senso unico di marcia;Asciutto;Asfaltata;Orizzontale;Sereno;Normale;Buona;Sufficiente;1;0;0;2;;;-1;1;Autovettura privata;In marcia / fermata / arresto;Passeggero;M;Illeso;0;;Non accertato;Inesistente
1751229;5;28/11/2007 01:10;Strada Urbana;VIA TIBURTINA;in prossimità;;del civico n. ;1325;;Scontro frontale/laterale DX fra veicoli in marcia;Rettilineo;Una carreggiata a doppio senso;Asciutto;Asfaltata;Orizzontale;Sereno;Scarso;Buona;Sufficiente;1;0;0;1;;;-1;1;Motociclo a solo;In marcia / fermata / arresto;Conducente;M;Rimandato;0;NON DECEDUTO;Non accertato;Inesistente
1751229;5;28/11/2007 01:10;Strada Urbana;VIA TIBURTINA;in prossimità;;del civico n. ;1325;;Scontro frontale/laterale DX fra veicoli in marcia;Rettilineo;Una carreggiata a doppio senso;Asciutto;Asfaltata;Orizzontale;Sereno;Scarso;Buona;Sufficiente;1;0;0;1;;;-1;2;Autovettura privata;In marcia / fermata / arresto;Conducente;M;Illeso;0;;Non accertato;Inesistente
1751230;5;28/11/2007 17:20;Strada Urbana;VIA DIEGO ANGELI;all'intersezione con;VIA DEI CRISPOLTI;VIA DEI CRISPOLTI;;;Scontro frontale/laterale DX fra veicoli in marcia;Incrocio;Una carreggiata a doppio senso;Asciutto;Asfaltata;Verticale ed orizzontale;Sereno;Normale;Buona;Ore Diurne;0;0;0;2;;;0;1;Autocarro inferiore 35 q.;In marcia / fermata / arresto;Conducente;M;Illeso;0;;Non accertato;Inesistente
1751230;5;28/11/2007 17:20;Strada Urbana;VIA DIEGO ANGELI;all'intersezione con;VIA DEI CRISPOLTI;VIA DEI CRISPOLTI;;;Scontro frontale/laterale DX fra veicoli in marcia;Incrocio;Una carreggiata a doppio senso;Asciutto;Asfaltata;Verticale ed orizzontale;Sereno;Normale;Buona;Ore Diurne;0;0;0;2;;;0;2;Autovettura privata;In marcia / fermata / arresto;Conducente;M;Illeso;0;;Non accertato;Inesistente
1751578;17;02/11/2007 13:37;Strada Urbana;VIA BERNARDINO TELESIO;all'intersezione con;VIA GIORDANO BRUNO;VIA GIORDANO BRUNO;;;Scontro frontale/laterale SX fra veicoli in marcia;Incrocio;Una carreggiata a senso unico di marcia;Asciutto;Asfaltata;Assente;Sereno;Normale;Buona;Ore Diurne;1;0;0;1;;;-1;1;Autovettura privata;In marcia / fermata / arresto;Conducente;M;Illeso;0;;Non accertato;Inesistente
1751578;17;02/11/2007 13:37;Strada Urbana;VIA BERNARDINO TELESIO;all'intersezione con;VIA GIORDANO BRUNO;VIA GIORDANO BRUNO;;;Scontro frontale/laterale SX fra veicoli in marcia;Incrocio;Una carreggiata a senso unico di marcia;Asciutto;Asfaltata;Assente;Sereno;Normale;Buona;Ore Diurne;1;0;0;1;;;-1;2;Motociclo a solo;In marcia / fermata / arresto;Conducente;M;Rimandato;0;NON DECEDUTO;Utilizzato;Inesistente
1751579;17;02/11/2007 20:30;Strada Urbana;LUNGOTEVERE PRATI;in prossimità;;del civico n. ;3;;Veicolo in marcia contro veicolo in sosta;Rettilineo;Una carreggiata a senso unico di marcia;Asciutto;Asfaltata;Verticale ed orizzontale;Sereno;Normale;Buona;Sufficiente;1;0;0;0;;;-1;1;Motociclo a solo;In marcia / fermata / arresto;Conducente;M;Rimandato;0;NON DECEDUTO;Non accertato;Inesistente
1751580;17;21/11/2007 19:30;Strada Urbana;LUNGOTEVERE DELLE ARMI;in prossimità;;del civico n. ;42;;Veicolo in marcia contro veicolo in sosta;Rettilineo;Una carreggiata a senso unico di marcia;Asciutto;Asfaltata;Verticale ed orizzontale;Sereno;Normale;Buona;Sufficiente;1;0;0;0;;;-1;1;Motociclo a solo;In marcia / fermata / arresto;Conducente;M;Ricoverato;0;NON DECEDUTO;Non accertato;Inesistente
1751603;5;09/11/2007 21:20;Strada Urbana;PIAZZA URBANIA;all'intersezione con;VIA SAN BENEDETTO DEL TRONTO;VIA SAN BENEDETTO DEL TRONTO;;;Scontro frontale/laterale DX fra veicoli in marcia;Incrocio;Una carreggiata a doppio senso;Bagnato (pioggia);Asfaltata;Orizzontale;Nuvoloso;Normale;Sufficiente;Sufficiente;1;0;0;1;;;-1;1;Autovettura privata;In marcia / fermata / arresto;Conducente;M;Illeso;0;;Non accertato;Inesistente
1751603;5;09/11/2007 21:20;Strada Urbana;PIAZZA URBANIA;all'intersezione con;VIA SAN BENEDETTO DEL TRONTO;VIA SAN BENEDETTO DEL TRONTO;;;Scontro frontale/laterale DX fra veicoli in marcia;Incrocio;Una carreggiata a doppio senso;Bagnato (pioggia);Asfaltata;Orizzontale;Nuvoloso;Normale;Sufficiente;Sufficiente;1;0;0;1;;;-1;2;Motociclo a solo;In marcia / fermata / arresto;Conducente;M;Rimandato;0;NON DECEDUTO;Non accertato;Inesistente
1751825;5;25/11/2007 21:00;Strada Urbana;VIA GALLA PLACIDIA;all'intersezione semaforizzata con;VIA TIBURTINA;VIA TIBURTINA;;;Scontro laterale fra veicoli in marcia;Intersezione semaforizzata;Più di due carreggiate;Bagnato (umidità in atto);Asfaltata;Verticale ed orizzontale;Nuvoloso;Scarso;Sufficiente;Sufficiente;1;0;0;1;;;-1;1;Ciclomotore;In marcia / fermata / arresto;Conducente;M;Rimandato;0;NON DECEDUTO;Utilizzato;Inesistente
1751825;5;25/11/2007 21:00;Strada Urbana;VIA GALLA PLACIDIA;all'intersezione semaforizzata con;VIA TIBURTINA;VIA TIBURTINA;;;Scontro laterale fra veicoli in marcia;Intersezione semaforizzata;Più di due carreggiate;Bagnato (umidità in atto);Asfaltata;Verticale ed orizzontale;Nuvoloso;Scarso;Sufficiente;Sufficiente;1;0;0;1;;;-1;2;Autovettura privata;In marcia / fermata / arresto;Conducente;M;Illeso;0;;Non accertato;Inesistente
1752068;5;16/11/2007 21:45;Strada Urbana;VIA GIUSEPPE MARCOTTI;all'intersezione con;VIA RENATO SIMONI;VIA RENATO SIMONI;;;Scontro frontale/laterale DX fra veicoli in marcia;Incrocio;Una carreggiata a doppio senso;Asciutto;Asfaltata;Verticale;Sereno;Scarso;Buona;Sufficiente;3;0;0;0;;;-1;1;Autovettura privata;In marcia / fermata / arresto;Conducente;M;Rimandato;0;NON DECEDUTO;Utilizzato;Inesistente
1752068;5;16/11/2007 21:45;Strada Urbana;VIA GIUSEPPE MARCOTTI;all'intersezione con;VIA RENATO SIMONI;VIA RENATO SIMONI;;;Scontro frontale/laterale DX fra veicoli in marcia;Incrocio;Una carreggiata a doppio senso;Asciutto;Asfaltata;Verticale;Sereno;Scarso;Buona;Sufficiente;3;0;0;0;;;-1;2;Autovettura privata;In marcia / fermata / arresto;Conducente;F;Rimandato;0;NON DECEDUTO;Utilizzato;Inesistente
1752068;5;16/11/2007 21:45;Strada Urbana;VIA GIUSEPPE MARCOTTI;all'intersezione con;VIA RENATO SIMONI;VIA RENATO SIMONI;;;Scontro frontale/laterale DX fra veicoli in marcia;Incrocio;Una carreggiata a doppio senso;Asciutto;Asfaltata;Verticale;Sereno;Scarso;Buona;Sufficiente;3;0;0;0;;;-1;2;Autovettura privata;In marcia / fermata / arresto;Passeggero;F;Rimandato;0;NON DECEDUTO;Utilizzato;Inesistente
1752141;5;22/11/2007 18:00;Statale entro l'abitato;VIA TIBURTINA;all'intersezione con;VIA DI GROTTA DI GREGNA;VIA DI GROTTA DI GREGNA;;;Scontro frontale/laterale DX fra veicoli in marcia;Incrocio;Due carreggiate;Asciutto;Asfaltata;Verticale ed orizzontale;Sereno;Normale;Buona;Sufficiente;1;0;0;1;;;-1;1;Motociclo a solo;In marcia / fermata / arresto;Conducente;M;Rimandato;0;NON DECEDUTO;Non accertato;Inesistente
1752141;5;22/11/2007 18:00;Statale entro l'abitato;VIA TIBURTINA;all'intersezione con;VIA DI GROTTA DI GREGNA;VIA DI GROTTA DI GREGNA;;;Scontro frontale/laterale DX fra veicoli in marcia;Incrocio;Due carreggiate;Asciutto;Asfaltata;Verticale ed orizzontale;Sereno;Normale;Buona;Sufficiente;1;0;0;1;;;-1;2;Autovettura privata;In marcia / fermata / arresto;Conducente;M;Illeso;0;;Non accertato;Inesistente
1752142;5;24/11/2007 16:30;Strada Urbana;PIAZZA RICCARDO BALSAMO CRIVELLI;all'intersezione con;VIA ALBERTO BERGAMINI;VIA ALBERTO BERGAMINI;;;Tamponamento;Incrocio;Una carreggiata a senso unico di marcia;Bagnato (umidità in atto);Asfaltata;Verticale ed orizzontale;Nuvoloso;Normale;Buona;Ore Diurne;2;0;0;2;;;-1;1;Autovettura privata;In marcia / fermata / arresto;Conducente;M;Illeso;0;;Non accertato;Inesistente
1752142;5;24/11/2007 16:30;Strada Urbana;PIAZZA RICCARDO BALSAMO CRIVELLI;all'intersezione con;VIA ALBERTO BERGAMINI;VIA ALBERTO BERGAMINI;;;Tamponamento;Incrocio;Una carreggiata a senso unico di marcia;Bagnato (umidità in atto);Asfaltata;Verticale ed orizzontale;Nuvoloso;Normale;Buona;Ore Diurne;2;0;0;2;;;-1;2;Autovettura privata;In marcia / fermata / arresto;Conducente;M;Illeso;0;;Non accertato;Inesistente
1752142;5;24/11/2007 16:30;Strada Urbana;PIAZZA RICCARDO BALSAMO CRIVELLI;all'intersezione con;VIA ALBERTO BERGAMINI;VIA ALBERTO BERGAMINI;;;Tamponamento;Incrocio;Una carreggiata a senso unico di marcia;Bagnato (umidità in atto);Asfaltata;Verticale ed orizzontale;Nuvoloso;Normale;Buona;Ore Diurne;2;0;0;2;;;-1;2;Autovettura privata;In marcia / fermata / arresto;Passeggero;M;Rimandato;0;NON DECEDUTO;Non accertato;Inesistente
1752142;5;24/11/2007 16:30;Strada Urbana;PIAZZA RICCARDO BALSAMO CRIVELLI;all'intersezione con;VIA ALBERTO BERGAMINI;VIA ALBERTO BERGAMINI;;;Tamponamento;Incrocio;Una carreggiata a senso unico di marcia;Bagnato (umidità in atto);Asfaltata;Verticale ed orizzontale;Nuvoloso;Normale;Buona;Ore Diurne;2;0;0;2;;;-1;2;Autovettura privata;In marcia / fermata / arresto;Passeggero;M;Rimandato;0;NON DECEDUTO;Non accertato;Inesistente
1752143;5;27/11/2007 08:40;Strada Urbana;VIA DEI MONTI TIBURTINI;all'intersezione semaforizzata con;VIA DEI DURANTINI;VIA DEI DURANTINI;;;Tamponamento Multiplo;Intersezione semaforizzata;Due carreggiate;Asciutto;Asfaltata;Verticale ed orizzontale;Sereno;Intenso;Buona;Ore Diurne;1;0;0;3;;;-1;1;Autovettura privata;In marcia / fermata / arresto;Conducente;F;Illeso;0;;Utilizzato;Inesistente
1752143;5;27/11/2007 08:40;Strada Urbana;VIA DEI MONTI TIBURTINI;all'intersezione semaforizzata con;VIA DEI DURANTINI;VIA DEI DURANTINI;;;Tamponamento Multiplo;Intersezione semaforizzata;Due carreggiate;Asciutto;Asfaltata;Verticale ed orizzontale;Sereno;Intenso;Buona;Ore Diurne;1;0;0;3;;;-1;1;Autovettura privata;In marcia / fermata / arresto;Passeggero;M;Illeso;0;;Utilizzato;Inesistente
1752143;5;27/11/2007 08:40;Strada Urbana;VIA DEI MONTI TIBURTINI;all'intersezione semaforizzata con;VIA DEI DURANTINI;VIA DEI DURANTINI;;;Tamponamento Multiplo;Intersezione semaforizzata;Due carreggiate;Asciutto;Asfaltata;Verticale ed orizzontale;Sereno;Intenso;Buona;Ore Diurne;1;0;0;3;;;-1;2;Autovettura privata;In marcia / fermata / arresto;Conducente;F;Rimandato;0;NON DECEDUTO;Utilizzato;Inesistente
1752143;5;27/11/2007 08:40;Strada Urbana;VIA DEI MONTI TIBURTINI;all'intersezione semaforizzata con;VIA DEI DURANTINI;VIA DEI DURANTINI;;;Tamponamento Multiplo;Intersezione semaforizzata;Due carreggiate;Asciutto;Asfaltata;Verticale ed orizzontale;Sereno;Intenso;Buona;Ore Diurne;1;0;0;3;;;-1;3;Autovettura privata;In marcia / fermata / arresto;Conducente;F;Illeso;0;;Utilizzato;Inesistente
1752397;17;02/11/2007 16:00;Strada Urbana;VIA PIETRO COSSA;all'intersezione con;LUNGOTEVERE DEI MELLINI;LUNGOTEVERE DEI MELLINI;;;Scontro frontale/laterale SX fra veicoli in marcia;Incrocio;Una carreggiata a senso unico di marcia;Asciutto;Asfaltata;Verticale ed orizzontale;Sereno;Scarso;Buona;Ore Diurne;1;0;0;1;;;-1;1;Autovettura pubblica;In marcia / fermata / arresto;Conducente;M;Illeso;0;;Non accertato;Inesistente
1752397;17;02/11/2007 16:00;Strada Urbana;VIA PIETRO COSSA;all'intersezione con;LUNGOTEVERE DEI MELLINI;LUNGOTEVERE DEI MELLINI;;;Scontro frontale/laterale SX fra veicoli in marcia;Incrocio;Una carreggiata a senso unico di marcia;Asciutto;Asfaltata;Verticale ed orizzontale;Sereno;Scarso;Buona;Ore Diurne;1;0;0;1;;;-1;2;Ciclomotore;In marcia / fermata / arresto;Conducente;F;Ricoverato;0;NON DECEDUTO;Non accertato;Inesistente